display_avt,name,price,description,num_available
https://images.unsplash.com/photo-1695048133142-1a20484d2569?w=400,iPhone 15 Pro Max,39511355,"Sản phẩm chính hãng, bảo hành 12 tháng",350
https://images.unsplash.com/photo-1610945415295-d9bbf067e59c?w=400,Samsung Galaxy S24 Ultra,41638495,"Công nghệ tiên tiến, trải nghiệm tuyệt vời",6
https://images.unsplash.com/photo-1598327105666-5b89351aff97?w=400,Xiaomi 14 Pro,12096751,"Màn hình sắc nét, pin trâu bền bỉ",314
https://images.unsplash.com/photo-1511707171634-5f897ff02aa9?w=400,OPPO Find X7,46175905,"Sản phẩm chính hãng, bảo hành 12 tháng",492
https://images.unsplash.com/photo-1585060544812-6b45742d762f?w=400,Vivo X100 Pro,38638261,"Thiết kế cao cấp, hiệu năng mạnh mẽ",285
https://images.unsplash.com/photo-1592286927505-50caee9e831d?w=400,Realme GT 5,42266037,"Sạc nhanh, tiết kiệm thời gian",325
https://images.unsplash.com/photo-1565849904461-04e36d78f4c4?w=400,OnePlus 12,10787907,"Chất liệu bền đẹp, an toàn",468
https://images.unsplash.com/photo-1598327105666-5b89351aff97?w=400,Google Pixel 8 Pro,9653780,"Thiết kế gọn nhẹ, dễ mang theo",237
https://images.unsplash.com/photo-1663499482523-1c0d8c19f43f?w=400,iPhone 14 Pro,31350452,"Màn hình sắc nét, pin trâu bền bỉ",90
https://images.unsplash.com/photo-1585088864383-bb937b0e8cf3?w=400,Samsung Galaxy Z Fold 5,25220730,"Thiết kế sang trọng, đẳng cấp",298
https://images.unsplash.com/photo-1517336714731-489689fd1ca8?w=400,MacBook Pro M3,42059064,"Thiết kế cao cấp, hiệu năng mạnh mẽ",433
https://images.unsplash.com/photo-1593642632823-8f785ba67e45?w=400,Dell XPS 15,10519093,Hỗ trợ nhiều tính năng thông minh,224
https://images.unsplash.com/photo-1496181133206-80ce9b88a853?w=400,HP Pavilion 15,25850982,"Âm thanh chất lượng, bass mạnh",173
https://images.unsplash.com/photo-1588872657578-7efd1f1555ed?w=400,Lenovo ThinkPad X1,15993700,"Thiết kế gọn nhẹ, dễ mang theo",103
https://images.unsplash.com/photo-1603302576837-37561b2e2302?w=400,Asus ROG Zephyrus,10062956,"Sạc nhanh, tiết kiệm thời gian",24
https://images.unsplash.com/photo-1625785574085-ece8a21e0535?w=400,Acer Predator Helios,16971568,"Thiết kế sang trọng, đẳng cấp",302
https://images.unsplash.com/photo-1591799264318-7e6ef8ddb7ea?w=400,MSI Gaming GF63,32570054,"Màn hình sắc nét, pin trâu bền bỉ",394
https://images.unsplash.com/photo-1525547719571-a2d4ac8945e2?w=400,LG Gram 17,42958272,"Tiện lợi, dễ sử dụng",36
https://images.unsplash.com/photo-1531297484001-80022131f5a1?w=400,Surface Laptop 5,15060794,"Tiện lợi, dễ sử dụng",350
https://images.unsplash.com/photo-1498050108023-c5249f4df085?w=400,Huawei MateBook,12599529,"Hiệu suất cao, xử lý mượt mà",349
https://images.unsplash.com/photo-1606841837239-c5a1a4a07af7?w=400,AirPods Pro 2,45673455,"Thiết kế gọn nhẹ, dễ mang theo",440
https://images.unsplash.com/photo-1484704849700-f032a568e944?w=400,Sony WH-1000XM5,44508355,"Âm thanh chất lượng, bass mạnh",186
https://images.unsplash.com/photo-1545127398-14699f92334b?w=400,Bose QuietComfort 45,24107382,"Màn hình sắc nét, pin trâu bền bỉ",371
https://images.unsplash.com/photo-1618366712010-f4ae9c647dcb?w=400,JBL Tune 770NC,42918338,"Công nghệ tiên tiến, trải nghiệm tuyệt vời",371
https://images.unsplash.com/photo-1590658268037-6bf12165a8df?w=400,Samsung Galaxy Buds 2 Pro,23096269,"Sạc nhanh, tiết kiệm thời gian",333
https://images.unsplash.com/photo-1572536147248-ac59a8abfa5b?w=400,Soundcore Liberty 4,6716748,"Công nghệ tiên tiến, trải nghiệm tuyệt vời",219
https://images.unsplash.com/photo-1577174881658-0f30157f72c4?w=400,Beats Studio Pro,45868866,"Thiết kế cao cấp, hiệu năng mạnh mẽ",35
https://images.unsplash.com/photo-1487215078519-e21cc028cb29?w=400,Sennheiser Momentum 4,41204016,"Tính năng đa dạng, phong phú",460
https://images.unsplash.com/photo-1505740420928-5e560c06d30e?w=400,Jabra Elite 85h,31887210,"Âm thanh chất lượng, bass mạnh",448
https://images.unsplash.com/photo-1558756520-22cfe5d382ca?w=400,Audio-Technica ATH-M50x,36471545,"Thiết kế cao cấp, hiệu năng mạnh mẽ",48
https://images.unsplash.com/photo-1579586337278-3befd40fd17a?w=400,Apple Watch Series 9,10344327,"Chất lượng tốt, giá cả phải chăng",69
https://images.unsplash.com/photo-1617625802912-cde586faf331?w=400,Samsung Galaxy Watch 6,19280573,"Thiết kế sang trọng, đẳng cấp",278
https://images.unsplash.com/photo-1508685096489-7aacd43bd3b1?w=400,Garmin Fenix 7,17457244,"Chất liệu bền đẹp, an toàn",57
https://images.unsplash.com/photo-1557438159-51eec7a6c9e8?w=400,Fitbit Sense 2,48417200,"Công nghệ tiên tiến, trải nghiệm tuyệt vời",91
https://images.unsplash.com/photo-1523275335684-37898b6baf30?w=400,Huawei Watch GT 4,12368924,"Chất liệu bền đẹp, an toàn",18
https://images.unsplash.com/photo-1546868871-7041f2a55e12?w=400,Amazfit GTR 4,14113495,"Thiết kế cao cấp, hiệu năng mạnh mẽ",480
https://images.unsplash.com/photo-1434494878577-86c23bcb06b9?w=400,Xiaomi Watch S2,20216868,"Tiện lợi, dễ sử dụng",244
https://images.unsplash.com/photo-1510017803434-a899398421b3?w=400,Oppo Watch 2,6350313,"Công nghệ tiên tiến, trải nghiệm tuyệt vời",437
https://images.unsplash.com/photo-1544117519-31a4b719223d?w=400,TicWatch Pro 5,21898818,Hỗ trợ nhiều tính năng thông minh,438
https://images.unsplash.com/photo-1533139502658-0198f920d8e8?w=400,Fossil Gen 6,30860100,"Màn hình sắc nét, pin trâu bền bỉ",371
https://images.unsplash.com/photo-1544244015-0df4b3ffc6b0?w=400,iPad Pro M2,3770736,"Sạc nhanh, tiết kiệm thời gian",283
https://images.unsplash.com/photo-1585790050230-5dd28404f905?w=400,Samsung Galaxy Tab S9,28011190,"Sản phẩm chính hãng, bảo hành 12 tháng",86
https://images.unsplash.com/photo-1561154464-82e9adf32764?w=400,iPad Air,13552798,"Công nghệ tiên tiến, trải nghiệm tuyệt vời",116
https://images.unsplash.com/photo-1580910051074-3eb694886505?w=400,Xiaomi Pad 6,49948424,"Màn hình sắc nét, pin trâu bền bỉ",23
https://images.unsplash.com/photo-1611532736579-6b16e2b50449?w=400,Lenovo Tab P11,8617587,"Tiện lợi, dễ sử dụng",63
https://images.unsplash.com/photo-1585789575850-1a234d2b671e?w=400,Huawei MatePad Pro,44414958,"Màn hình sắc nét, pin trâu bền bỉ",382
https://images.unsplash.com/photo-1632833239869-a37e3a5806d2?w=400,OPPO Pad Air,49622042,"Thiết kế gọn nhẹ, dễ mang theo",348
https://images.unsplash.com/photo-1542751371-adc38448a05e?w=400,Realme Pad 2,12236729,"Tính năng đa dạng, phong phú",122
https://images.unsplash.com/photo-1629131726692-1accd0c53ce0?w=400,Nokia T20,15775185,"Sản phẩm chính hãng, bảo hành 12 tháng",367
https://images.unsplash.com/photo-1633621156473-98daae96b9f8?w=400,Amazon Fire HD 10,19318256,"Thiết kế sang trọng, đẳng cấp",112
https://images.unsplash.com/photo-1583863788434-e58a36330cf0?w=400,Sạc nhanh 67W,24910081,"Thiết kế gọn nhẹ, dễ mang theo",44
https://images.unsplash.com/photo-1624823183493-ed5832f48f18?w=400,Cáp USB-C to Lightning,27906288,Hỗ trợ nhiều tính năng thông minh,210
https://images.unsplash.com/photo-1609081219090-a6d81d3085bf?w=400,Ốp lưng Silicon,28532191,"Tính năng đa dạng, phong phú",275
https://images.unsplash.com/photo-1611532736597-de2d4265fba3?w=400,Kính cường lực,1848926,Hỗ trợ nhiều tính năng thông minh,75
https://images.unsplash.com/photo-1625792560458-b39e717819c0?w=400,Giá đỡ điện thoại,987207,"Thiết kế sang trọng, đẳng cấp",260
https://images.unsplash.com/photo-1609592806596-f41c1b06b9c0?w=400,Pin sạc dự phòng 20000mAh,3617542,"Sạc nhanh, tiết kiệm thời gian",379
https://images.unsplash.com/photo-1527864550417-7fd91fc51a46?w=400,Chuột không dây Logitech,2874692,"Thiết kế cao cấp, hiệu năng mạnh mẽ",427
https://images.unsplash.com/photo-1595225476474-87563907a212?w=400,Bàn phím cơ Keychron,24466763,Hỗ trợ nhiều tính năng thông minh,454
https://images.unsplash.com/photo-1553062407-98eeb64c6a62?w=400,Túi chống sốc laptop,1179219,"Màn hình sắc nét, pin trâu bền bỉ",252
https://images.unsplash.com/photo-1625948515291-69613efd103f?w=400,Hub USB-C 7 trong 1,14813124,"Tiện lợi, dễ sử dụng",346
https://images.unsplash.com/photo-1516035069371-29a1b244cc32?w=400,Canon EOS R6 Mark II,8159060,"Hiệu suất cao, xử lý mượt mà",488
https://images.unsplash.com/photo-1606982801820-b55b5b2a6c5d?w=400,Sony A7 IV,41827013,"Thiết kế gọn nhẹ, dễ mang theo",469
https://images.unsplash.com/photo-1606983340126-99ab4feaa64a?w=400,Nikon Z6 III,36295793,"Thiết kế cao cấp, hiệu năng mạnh mẽ",292
https://images.unsplash.com/photo-1502920917128-1aa500764cbd?w=400,Fujifilm X-T5,16308002,"Thiết kế sang trọng, đẳng cấp",442
https://images.unsplash.com/photo-1525857597365-5f6dbff2e36e?w=400,GoPro Hero 12,13908921,"Công nghệ tiên tiến, trải nghiệm tuyệt vời",233
https://images.unsplash.com/photo-1622973536968-3ead9e780d7d?w=400,DJI Action 4,13168943,"Thiết kế gọn nhẹ, dễ mang theo",330
https://images.unsplash.com/photo-1606983340126-99ab4feaa64a?w=400,Insta360 X3,32975607,"Sạc nhanh, tiết kiệm thời gian",219
https://images.unsplash.com/photo-1495121605193-b116b5b9c5fe?w=400,Panasonic Lumix GH6,3902290,"Sạc nhanh, tiết kiệm thời gian",427
https://images.unsplash.com/photo-1606403182944-0fd56a82d1d7?w=400,Olympus OM-1,822765,"Tiện lợi, dễ sử dụng",226
https://images.unsplash.com/photo-1510127034890-ba27508e9f1c?w=400,Leica Q3,5596762,"Hiệu suất cao, xử lý mượt mà",409
https://images.unsplash.com/photo-1608043152269-423dbba4e7e1?w=400,JBL Charge 5,29799248,Hỗ trợ nhiều tính năng thông minh,57
https://images.unsplash.com/photo-1545454675-3531b543be5d?w=400,Sony SRS-XB43,14933690,"Chất liệu bền đẹp, an toàn",100
https://images.unsplash.com/photo-1589492477829-5e65395b66cc?w=400,Bose SoundLink Revolve+,24725115,"Sạc nhanh, tiết kiệm thời gian",28
https://images.unsplash.com/photo-1608043152269-423dbba4e7e1?w=400,Marshall Emberton II,17755131,"Màn hình sắc nét, pin trâu bền bỉ",144
https://images.unsplash.com/photo-1545454675-3531b543be5d?w=400,Harman Kardon Onyx Studio 8,32987284,"Sạc nhanh, tiết kiệm thời gian",151
https://images.unsplash.com/photo-1608043152269-423dbba4e7e1?w=400,UE Boom 3,19993304,"Âm thanh chất lượng, bass mạnh",66
https://images.unsplash.com/photo-1545454675-3531b543be5d?w=400,Anker Soundcore Motion+,36233329,"Chất lượng tốt, giá cả phải chăng",443
https://images.unsplash.com/photo-1545602952-16ddbb109542?w=400,Bang & Olufsen Beosound A1,8830374,"Tính năng đa dạng, phong phú",341
https://images.unsplash.com/photo-1589003077984-894e133dabab?w=400,Sonos Roam,37620548,"Tiện lợi, dễ sử dụng",95
https://images.unsplash.com/photo-1608043152269-423dbba4e7e1?w=400,Tribit StormBox Micro,3715126,"Kết nối nhanh, ổn định",53
https://images.unsplash.com/photo-1606144042614-b2417e99c4e3?w=400,PlayStation 5,48465934,"Thiết kế sang trọng, đẳng cấp",91
https://images.unsplash.com/photo-1621259182978-fbf93132d53d?w=400,Xbox Series X,30533497,"Tính năng đa dạng, phong phú",335
https://images.unsplash.com/photo-1578303512597-81e6cc155b3e?w=400,Nintendo Switch OLED,27649597,"Công nghệ tiên tiến, trải nghiệm tuyệt vời",455
https://images.unsplash.com/photo-1593305841991-05c297ba4575?w=400,Steam Deck,2652006,"Công nghệ tiên tiến, trải nghiệm tuyệt vời",436
https://images.unsplash.com/photo-1612287230202-1ff1d85d1bdf?w=400,Asus ROG Ally,22131929,"Âm thanh chất lượng, bass mạnh",385
https://images.unsplash.com/photo-1527814050087-3793815479db?w=400,Logitech G Pro X,14591962,"Màn hình sắc nét, pin trâu bền bỉ",464
https://images.unsplash.com/photo-1615663245857-ac93bb7c39e7?w=400,Razer DeathAdder V3,33298202,"Âm thanh chất lượng, bass mạnh",271
https://images.unsplash.com/photo-1599669454699-248893623440?w=400,SteelSeries Arctis Nova Pro,1612502,"Tiện lợi, dễ sử dụng",256
https://images.unsplash.com/photo-1541140532154-b024d705b90a?w=400,Corsair K70 RGB,15567835,"Tiện lợi, dễ sử dụng",183
https://images.unsplash.com/photo-1585348631808-e1fc86f5de24?w=400,HyperX Cloud Alpha,6345969,"Thiết kế cao cấp, hiệu năng mạnh mẽ",302
https://images.unsplash.com/photo-1558089687-8e00e47d4d4b?w=400,Google Nest Hub,28182525,"Sạc nhanh, tiết kiệm thời gian",266
https://images.unsplash.com/photo-1543512214-318c7553f230?w=400,Amazon Echo Dot 5,24589747,"Thiết kế gọn nhẹ, dễ mang theo",152
https://images.unsplash.com/photo-1558618666-fcd25c85cd64?w=400,Philips Hue Starter Kit,10849808,"Chất liệu bền đẹp, an toàn",149
https://images.unsplash.com/photo-1558002038-1055907df827?w=400,TP-Link Tapo C200,20345818,"Chất lượng tốt, giá cả phải chăng",376
https://images.unsplash.com/photo-1567013127542-490d757e51fc?w=400,Xiaomi Smart Camera,25227509,Hỗ trợ nhiều tính năng thông minh,292
https://images.unsplash.com/photo-1611269154421-4e27233ac5c7?w=400,Ring Video Doorbell,48790590,"Âm thanh chất lượng, bass mạnh",28
https://images.unsplash.com/photo-1558089687-8e00e47d4d4b?w=400,Aqara Motion Sensor,15996574,"Âm thanh chất lượng, bass mạnh",358
https://images.unsplash.com/photo-1558618666-fcd25c85cd64?w=400,Sonoff Smart Switch,4034890,"Chất liệu bền đẹp, an toàn",228
https://images.unsplash.com/photo-1513506003901-1e6a229e2d15?w=400,Yeelight LED Bulb,13433868,"Sạc nhanh, tiết kiệm thời gian",474
https://images.unsplash.com/photo-1558317374-067fb5f30001?w=400,Eufy RoboVac,6871731,"Sạc nhanh, tiết kiệm thời gian",275
